name,link,locations,credential
Accountancy,https://saskpolytech.ca/programs-and-courses/programs/Business-Diploma.aspx,See program page for details,Diploma
Accountancy and Computer Studies,https://saskpolytech.ca/programs-and-courses/programs/Accountancy-and-Computer-Studies.aspx,"Moose Jaw, Saskatoon",Post-Graduate Diploma
Accounting,https://saskpolytech.ca/programs-and-courses/programs/Accounting.aspx,Online/Distance,Certificate
Adult Teaching and Learning,https://saskpolytech.ca/programs-and-courses/programs/Adult-Teaching-and-Learning.aspx,"Moose Jaw, Prince Albert, Regina, Saskatoon",Advanced Certificate
Advanced Care Paramedic,https://saskpolytech.ca/programs-and-courses/programs/Advanced-Care-Paramedic.aspx,"Regina, Saskatoon",Diploma
Agribusiness Risk and Insurance Management,https://saskpolytech.ca/programs-and-courses/programs/Agribusiness-Risk-and-Insurance-Management.aspx,Moose Jaw,Post-Graduate Diploma
Agricultural Equipment Technician,https://saskpolytech.ca/programs-and-courses/programs/Agricultural-Equipment-Technician.aspx,Saskatoon,Certificate
Agriculture and Food Production,https://saskpolytech.ca/programs-and-courses/programs/Agriculture-and-Food-Production.aspx,Moose Jaw,Diploma
Agriculture Finance,https://saskpolytech.ca/programs-and-courses/programs/Agriculture-Finance.aspx,"Moose Jaw, Prince Albert, Saskatoon",Post-Graduate Diploma
Applied Esthetics,https://saskpolytech.ca/programs-and-courses/programs/Applied-Esthetics.aspx,Prince Albert,Certificate
Applied Project Management,https://saskpolytech.ca/programs-and-courses/programs/Applied-Project-Management.aspx,Online/Distance,Applied Certificate
Architectural Technologies,https://saskpolytech.ca/programs-and-courses/programs/Architectural-Technologies.aspx,Moose Jaw,Diploma
Artificial Intelligence and Data Analytics,https://saskpolytech.ca/programs-and-courses/programs/Artificial-Intelligence-and-Data-Analytics.aspx,"Regina, Saskatoon",Post-Graduate Certificate
Artificial Intelligence and Innovation,https://saskpolytech.ca/programs-and-courses/programs/Artificial-Intelligence-and-Innovation.aspx,Saskatoon,Post-Graduate Diploma
Autism Spectrum Disorder,https://saskpolytech.ca/programs-and-courses/programs/Autism-Spectrum-Disorder.aspx,Online/Distance,Certificate of Achievement
Auto Body Technician,https://saskpolytech.ca/programs-and-courses/programs/Auto-Body-Technician.aspx,"Regina, Saskatoon",Certificate
Automotive Painter,https://saskpolytech.ca/programs-and-courses/programs/Automotive-Painter.aspx,"Regina, Saskatoon",Applied Certificate
Automotive Service Technician,https://saskpolytech.ca/programs-and-courses/programs/Automotive-Service-Technician.aspx,"Moose Jaw, Saskatoon",Certificate
Bachelor of Applied Management,https://saskpolytech.ca/programs-and-courses/programs/Bachelor-of-Applied-Management.aspx,Regina,Degree
Bachelor of Construction Management,https://saskpolytech.ca/programs-and-courses/programs/Bachelor-of-Construction-Management.aspx,Regina,Degree
Bachelor of Psychiatric Nursing,https://saskpolytech.ca/programs-and-courses/programs/Bachelor-of-Psychiatric-Nursing.aspx,Online/Distance,Degree
Bachelor of Science in Dental Therapy,https://saskpolytech.ca/programs-and-courses/programs/Bachelor-of-Science-in-Dental-Therapy.aspx,"Prince Albert, Regina, Saskatoon, Other",Degree
BioScience Technology,https://saskpolytech.ca/programs-and-courses/programs/BioScience-Technology.aspx,Saskatoon,Diploma
Bricklayer,https://saskpolytech.ca/programs-and-courses/programs/Bricklayer-Applied-Certificate.aspx,,Applied Certificate
Building Sciences,https://saskpolytech.ca/programs-and-courses/programs/Architectural-Technologies.aspx,See program page for details,Diploma
Building Systems Technician,https://saskpolytech.ca/programs-and-courses/programs/Building-Systems-Technician.aspx,Regina,Certificate
Business,https://saskpolytech.ca/programs-and-courses/programs/Business.aspx,"Online/Distance, Moose Jaw, Saskatoon",Certificate
Business Accountancy,https://saskpolytech.ca/programs-and-courses/programs/Business-Accountancy.aspx,"Moose Jaw, Saskatoon",Post-Graduate Certificate
Business Diploma,https://saskpolytech.ca/programs-and-courses/programs/Business-Diploma.aspx,"Online/Distance, Moose Jaw, Prince Albert, Saskatoon",Diploma
Business Information Systems,https://saskpolytech.ca/programs-and-courses/programs/Business-Information-Systems.aspx,"Moose Jaw, Regina",Diploma
Business Management,https://saskpolytech.ca/programs-and-courses/programs/Business-Management-Post-Grad-Certificate.aspx,,Post-Graduate Certificate
Career Essentials,https://saskpolytech.ca/programs-and-courses/programs/Career-Essentials.aspx,"Prince Albert, Regina",Applied Certificate
Carpentry,https://saskpolytech.ca/programs-and-courses/programs/Carpentry-Applied-Certificate.aspx,Saskatoon,Applied Certificate
Carpentry,https://saskpolytech.ca/programs-and-courses/programs/Carpentry.aspx,"Moose Jaw, Prince Albert",Certificate
Chemical Technology,https://saskpolytech.ca/programs-and-courses/programs/Chemical-Technology.aspx,Saskatoon,Diploma
Child and Youth Care,https://saskpolytech.ca/programs-and-courses/programs/Child-and-Youth-Care-Certificate.aspx,Online/Distance,Certificate
Child and Youth Care,https://saskpolytech.ca/programs-and-courses/programs/Child-and-Youth-Care-Diploma.aspx,Saskatoon,Diploma
Civil Engineering Technologies (Water Resources Option),https://saskpolytech.ca/programs-and-courses/programs/Civil-Engineering-Technologies.aspx,See program page for details,Diploma
Civil Engineering Technologies (Civil Construction option or Water Resources option),https://saskpolytech.ca/programs-and-courses/programs/Civil-Engineering-Technologies.aspx,Moose Jaw,Diploma
Civil Engineering Technologies (Civil Construction Option),https://saskpolytech.ca/programs-and-courses/programs/Civil-Engineering-Technologies.aspx,See program page for details,Diploma
Cloud Computing and Blockchain,https://saskpolytech.ca/programs-and-courses/programs/Cloud-Computing-and-Blockchain.aspx,"Regina, Saskatoon",Post-Graduate Certificate
Collaborative Nurse Practitioner,https://saskpolytech.ca/programs-and-courses/programs/Collaborative-Nurse-Practitioner.aspx,Other,Degree
Combined Laboratory and X-Ray Technology,https://saskpolytech.ca/programs-and-courses/programs/Combined-Laboratory-and-X-Ray-Technology.aspx,Saskatoon,Advanced Diploma
Commercial Pilot,https://saskpolytech.ca/programs-and-courses/programs/Commercial-Pilot.aspx,Saskatoon,Diploma
Community Justice Worker,https://saskpolytech.ca/programs-and-courses/programs/Community-Justice-Worker.aspx,Online/Distance,Applied Certificate
Community Paramedic,https://saskpolytech.ca/programs-and-courses/programs/Community-Paramedic.aspx,"Online/Distance, Saskatoon",Advanced Certificate
Computer Automated Systems Technician,https://saskpolytech.ca/programs-and-courses/programs/Computer-Automated-Systems-Technician-Diploma.aspx,Regina,Diploma
Computer Engineering Technology,https://saskpolytech.ca/programs-and-courses/programs/Computer-Engineering-Technology.aspx,Moose Jaw,Diploma
Computer Networking Technician,https://saskpolytech.ca/programs-and-courses/programs/Computer-Networking-Technician.aspx,Regina,Certificate
Computer Systems Technology,https://saskpolytech.ca/programs-and-courses/programs/Computer-Systems-Technology.aspx,"Regina, Saskatoon",Diploma
Construction Option (Civil Engineering Technologies),https://saskpolytech.ca/programs-and-courses/programs/Civil-Engineering-Technologies.aspx,See program page for details,Diploma
Construction Management (Bachelor Degree),https://saskpolytech.ca/programs-and-courses/programs/Bachelor-of-Construction-Management.aspx,Regina,Degree
Continuing Care Assistant,https://saskpolytech.ca/programs-and-courses/programs/Continuing-Care-Assistant.aspx,"Online/Distance, Prince Albert, Regina, Saskatoon",Certificate
Court Services Administrator,https://saskpolytech.ca/programs-and-courses/programs/Court-Services-Administrator.aspx,"Prince Albert, Regina, Saskatoon",Applied Certificate
Critical Care Nursing,https://saskpolytech.ca/programs-and-courses/programs/Critical-Care-Nursing.aspx,"Online/Distance, Prince Albert, Regina, Saskatoon",Advanced Certificate
Culinary Arts,https://saskpolytech.ca/programs-and-courses/programs/Culinary-Arts.aspx,"Moose Jaw, Prince Albert, Regina, Saskatoon",Diploma
Cyber Security,https://saskpolytech.ca/programs-and-courses/programs/Cyber-Security.aspx,"Regina, Saskatoon",Post-Graduate Certificate
Cytotechnology,https://saskpolytech.ca/programs-and-courses/programs/Cytotechnology.aspx,Saskatoon,Diploma
Dental Aide,https://saskpolytech.ca/programs-and-courses/programs/Dental-Aide.aspx,"Online/Distance, Regina",Applied Certificate
Dental Assisting,https://saskpolytech.ca/programs-and-courses/programs/Dental-Assisting.aspx,Regina,Certificate
Dental Hygiene,https://saskpolytech.ca/programs-and-courses/programs/Dental-Hygiene.aspx,Regina,Advanced Diploma
Dental Therapy (Bachelor of Science in Dental Therapy),https://saskpolytech.ca/programs-and-courses/programs/Bachelor-of-Science-in-Dental-Therapy.aspx,"Prince Albert, Regina, Saskatoon, Other",Degree
Design and Manufacturing Engineering Technology,https://saskpolytech.ca/programs-and-courses/programs/Design-and-Manufacturing-Engineering-Technology.aspx,Saskatoon,Diploma
Digital Marketing,https://saskpolytech.ca/programs-and-courses/programs/Digital-Marketing.aspx,"Moose Jaw, Prince Albert",Diploma
Disability Support Professional,https://saskpolytech.ca/programs-and-courses/programs/Disability-Support-Professional.aspx,"Online/Distance, Prince Albert, Regina, Saskatoon",Certificate
Disability Support Worker,https://saskpolytech.ca/programs-and-courses/programs/Disability-Support-Worker.aspx,,Certificate
Early Childhood Administration,https://saskpolytech.ca/programs-and-courses/programs/Early-Childhood-Administration-Advanced-Certificate.aspx,Online/Distance,Advanced Certificate
Early Childhood Education,https://saskpolytech.ca/programs-and-courses/programs/Early-Childhood-Education-Cert-of-Achievement.aspx,"Online/Distance, Prince Albert, Regina, Saskatoon",Certificate of Achievement
Early Childhood Education,https://saskpolytech.ca/programs-and-courses/programs/Early-Childhood-Education-Diploma.aspx,"Moose Jaw, Prince Albert, Regina, Saskatoon",Diploma
Educational Assistant,https://saskpolytech.ca/programs-and-courses/programs/Educational-Assistant.aspx,"Regina, Saskatoon",Certificate
Electrical Engineering Technology,https://saskpolytech.ca/programs-and-courses/programs/Electrical-Engineering-Technology.aspx,Moose Jaw,Diploma
Electrician,https://saskpolytech.ca/programs-and-courses/programs/Electrician.aspx,"Prince Albert, Regina, Saskatoon",Applied Certificate
Electronic Systems Engineering Technology,https://saskpolytech.ca/programs-and-courses/programs/Electronic-Systems-Engineering-Technology.aspx,Saskatoon,Diploma
Emergency Nursing,https://saskpolytech.ca/programs-and-courses/programs/Emergency-Nursing.aspx,"Online/Distance, Regina",Certificate of Achievement
Engineering Design and Drafting Technology,https://saskpolytech.ca/programs-and-courses/programs/Engineering-Design-and-Drafting-Technology.aspx,Moose Jaw,Diploma
Entrepreneurship,https://saskpolytech.ca/programs-and-courses/programs/Entrepreneurship.aspx,Moose Jaw,Post-Graduate Certificate
Environmental Engineering Technology,https://saskpolytech.ca/programs-and-courses/programs/Environmental-Engineering-Technology.aspx,Moose Jaw,Diploma
Esthetician-Nail Technician,https://saskpolytech.ca/programs-and-courses/programs/Esthetician-Nail-Technician.aspx,Prince Albert,Certificate of Achievement
Esthetician-Skin Care Technician,https://saskpolytech.ca/programs-and-courses/programs/Esthetician-Skin-Care-Technician.aspx,Prince Albert,Certificate
Fabricator - Welder,https://saskpolytech.ca/programs-and-courses/programs/Fabricator-Welder.aspx,"Regina, Saskatoon",Certificate
Financial Services,https://saskpolytech.ca/programs-and-courses/programs/Business-Diploma.aspx,See program page for details,Diploma
Financial Services,https://saskpolytech.ca/programs-and-courses/programs/Financial-Services-PGC.aspx,,Post-Graduate Certificate
Food and Nutrition Management,https://saskpolytech.ca/programs-and-courses/programs/Food-and-Nutrition-Management.aspx,Saskatoon,Diploma
Food Service Cook,https://saskpolytech.ca/programs-and-courses/programs/Food-Service-Cook.aspx,Prince Albert,Applied Certificate
Forest to Fork,https://saskpolytech.ca/programs-and-courses/programs/Forest-to-Fork.aspx,,Applied Certificate
Front-End Web Development,https://saskpolytech.ca/programs-and-courses/programs/Front-End-Web-Development.aspx,Online/Distance,Applied Certificate
Geographic Information Science,https://saskpolytech.ca/programs-and-courses/programs/Geographic-Information-Science.aspx,"Online/Distance, Prince Albert",Certificate
Graphic Communications,https://saskpolytech.ca/programs-and-courses/programs/Graphic-Communications.aspx,Regina,Diploma
Hairstylist,https://saskpolytech.ca/programs-and-courses/programs/Hairstylist-Diploma.aspx,Prince Albert,Diploma
Health Care Cook,https://saskpolytech.ca/programs-and-courses/programs/Health-Care-Cook.aspx,"Moose Jaw, Prince Albert",Certificate
Health Information Management,https://saskpolytech.ca/programs-and-courses/programs/Health-Information-Management.aspx,"Online/Distance, Regina",Diploma
Heavy Equipment and Truck and Transport,https://saskpolytech.ca/programs-and-courses/programs/Heavy-Equipment-and-Truck-and-Transport.aspx,Saskatoon,Applied Certificate
Heavy Equipment and Truck and Transport Technician,https://saskpolytech.ca/programs-and-courses/programs/Heavy-Equipment-and-Truck-and-Transport-Technician.aspx,Saskatoon,Certificate
Hospitality and Tourism Management,https://saskpolytech.ca/programs-and-courses/programs/Hospitality-and-Tourism-Management.aspx,,Post-Graduate Certificate
Hospitality Management,https://saskpolytech.ca/programs-and-courses/programs/Hospitality-Management-Diploma.aspx,"Regina, Saskatoon",Diploma
Hotel and Restaurant Management,https://saskpolytech.ca/programs-and-courses/programs/Hotel-and-Restaurant-Management.aspx,,Diploma
Human Resources,https://saskpolytech.ca/programs-and-courses/programs/Business-Diploma.aspx,See program page for details,Diploma
Human Resources Management,https://saskpolytech.ca/programs-and-courses/programs/Human-Resources-Management.aspx,Online/Distance,Certificate
Indigenous Leadership Skills,https://saskpolytech.ca/programs-and-courses/programs/Indigenous-Leadership-Skills.aspx,Online/Distance,Applied Certificate
Industrial Mechanics,https://saskpolytech.ca/programs-and-courses/programs/Industrial-Mechanics-Applied-Certificate.aspx,Delivery is subject to needs assessment.,Applied Certificate
Industrial Mechanics,https://saskpolytech.ca/programs-and-courses/programs/Industrial-Mechanics.aspx,"Prince Albert, Saskatoon",Certificate
Information Resources Management,https://saskpolytech.ca/programs-and-courses/programs/Information-Resources-Management-Post-Grad-Certificate.aspx,"Moose Jaw, Prince Albert, Regina",Post-Graduate Certificate
Information Technology Project Management,https://saskpolytech.ca/programs-and-courses/programs/Information-Technology-Project-Management.aspx,"Moose Jaw, Prince Albert, Regina, Saskatoon",Post-Graduate Certificate
Innovative Manufacturing,https://saskpolytech.ca/programs-and-courses/programs/Innovative-Manufacturing.aspx,Regina,Diploma
Instrumentation Engineering Technology,https://saskpolytech.ca/programs-and-courses/programs/Instrumentation-Engineering-Technology.aspx,Moose Jaw,Diploma
Insurance,https://saskpolytech.ca/programs-and-courses/programs/Business-Diploma.aspx,See program page for details,Diploma
Integrated Resource Management,https://saskpolytech.ca/programs-and-courses/programs/Integrated-Resource-Management.aspx,Prince Albert,Diploma
Interactive Design and Technology,https://saskpolytech.ca/programs-and-courses/programs/Interactive-Design-and-Technology.aspx,"Regina, Saskatoon",Diploma
Interior Design,https://saskpolytech.ca/programs-and-courses/programs/Architectural-Technologies.aspx,See program page for details,Diploma
Justice Studies,https://saskpolytech.ca/programs-and-courses/programs/Justice-Studies.aspx,"Prince Albert, Regina, Saskatoon",Diploma
Leadership and Coaching Development,https://saskpolytech.ca/programs-and-courses/programs/Leadership-and-Coaching-Development.aspx,Other,Certificate of Achievement
Leadership for Safety Professionals,https://saskpolytech.ca/programs-and-courses/programs/Leadership-for-Safety-Professionals.aspx,Online/Distance,Applied Certificate
Leadership Skills,https://saskpolytech.ca/programs-and-courses/programs/Leadership-Skills.aspx,Online/Distance,Certificate of Achievement
Leisure and Tourism Management,https://saskpolytech.ca/programs-and-courses/programs/Leisure-and-Tourism-Management.aspx,"Prince Albert, Saskatoon",Post-Graduate Certificate
Library and Information Technology,https://saskpolytech.ca/programs-and-courses/programs/Library-and-Information-Technology.aspx,Saskatoon,Diploma
Library Clerk,https://saskpolytech.ca/programs-and-courses/programs/Library-Clerk.aspx,Online/Distance,Applied Certificate
Logistics and Supply Chain Management,https://saskpolytech.ca/programs-and-courses/programs/Logistics-and-Supply-Chain-Management.aspx,"Moose Jaw, Regina",Post-Graduate Certificate
Machinist,https://saskpolytech.ca/programs-and-courses/programs/Machinist.aspx,"Regina, Saskatoon",Certificate
Management,https://saskpolytech.ca/programs-and-courses/programs/Business-Diploma.aspx,See program page for details,Diploma
Marketing,https://saskpolytech.ca/programs-and-courses/programs/Business-Diploma.aspx,See program page for details,Diploma
Mechanical Engineering Technology,https://saskpolytech.ca/programs-and-courses/programs/Mechanical-Engineering-Technology.aspx,Saskatoon,Diploma
Media Production,https://saskpolytech.ca/programs-and-courses/programs/Media-Production.aspx,Saskatoon,Diploma
Medical Device Reprocessing Technician,https://saskpolytech.ca/programs-and-courses/programs/Medical-Device-Reprocessing-Technician.aspx,Online/Distance,Certificate of Achievement
Medical Laboratory Assistant,https://saskpolytech.ca/programs-and-courses/programs/Medical-Laboratory-Assistant.aspx,Saskatoon,Certificate
Medical Laboratory Technology,https://saskpolytech.ca/programs-and-courses/programs/Medical-Laboratory-Technology.aspx,Saskatoon,Advanced Diploma
Medical Radiologic Technology,https://saskpolytech.ca/programs-and-courses/programs/Medical-Radiologic-Technology.aspx,Saskatoon,Advanced Diploma
Mental Health and Addictions Counselling,https://saskpolytech.ca/programs-and-courses/programs/Mental-Health-and-Addictions-Counselling.aspx,Online/Distance,Diploma
Mining Engineering Technology,https://saskpolytech.ca/programs-and-courses/programs/Mining-Engineering-Technology.aspx,Saskatoon,Diploma
Municipal Administration,https://saskpolytech.ca/programs-and-courses/programs/Business-Diploma.aspx,See program page for details,Diploma
Nursing (Bachelor of Psychiatric Nursing),https://saskpolytech.ca/programs-and-courses/programs/Bachelor-of-Psychiatric-Nursing.aspx,Online/Distance,Degree
Nursing (Collaborative Nurse Practitioner),https://saskpolytech.ca/programs-and-courses/programs/Collaborative-Nurse-Practitioner.aspx,Other,Degree
Nursing (Practical Nursing),https://saskpolytech.ca/programs-and-courses/programs/Practical-Nursing.aspx,"Online/Distance, Prince Albert, Regina, Saskatoon",Diploma
Nursing (Psychiatric Nursing),https://saskpolytech.ca/programs-and-courses/programs/Psychiatric-Nursing-Advanced-Diploma.aspx,"Regina, Saskatoon",Advanced Diploma
Nursing (Saskatchewan Collaborative Bachelor of Science in Nursing),https://saskpolytech.ca/programs-and-courses/programs/Saskatchewan-Collaborative-Bachelor-of-Science-in-Nursing.aspx,"Regina, Saskatoon",Degree
Occupational Health and Safety,https://saskpolytech.ca/programs-and-courses/programs/Occupational-Health-and-Safety.aspx,"Online/Distance, Saskatoon",Certificate
Occupational Health Nursing,https://saskpolytech.ca/programs-and-courses/programs/Occupational-Health-Nursing.aspx,Online/Distance,Post-Graduate Certificate
Office Administration,https://saskpolytech.ca/programs-and-courses/programs/Office-Administration.aspx,"Online/Distance, Prince Albert, Regina",Certificate
Pain Management for Nursing Professionals,https://saskpolytech.ca/programs-and-courses/programs/Pain-Management-for-Nursing-Professionals.aspx,Online/Distance,Certificate of Achievement
Parts Management Technician,https://saskpolytech.ca/programs-and-courses/programs/Parts-Management-Technician.aspx,Online/Distance,Certificate
Parts Person,https://saskpolytech.ca/programs-and-courses/programs/Parts-Person.aspx,"Online/Distance, Saskatoon",Applied Certificate
Perioperative Nursing/LPN,https://saskpolytech.ca/programs-and-courses/programs/Perioperative-Nursing-LPN.aspx,Online/Distance,Advanced Certificate
Perioperative Nursing/RN,https://saskpolytech.ca/programs-and-courses/programs/Perioperative-Nursing-RN.aspx,Online/Distance,Advanced Certificate
Pharmacy Technician,https://saskpolytech.ca/programs-and-courses/programs/Pharmacy-Technician-Diploma.aspx,Saskatoon,Diploma
Phlebotomy,https://saskpolytech.ca/programs-and-courses/programs/Phlebotomy.aspx,"Online/Distance, Saskatoon",Applied Certificate
Plumbing and Pipefitting,https://saskpolytech.ca/programs-and-courses/programs/Plumbing-and-Pipefitting.aspx,"Regina, Saskatoon",Applied Certificate
Power Engineering Technician,https://saskpolytech.ca/programs-and-courses/programs/Power-Engineering-Technician.aspx,Delivery is subject to needs assessment.,Certificate
Power Engineering Technology,https://saskpolytech.ca/programs-and-courses/programs/Power-Engineering-Technology.aspx,Saskatoon,Diploma
Practical Nursing,https://saskpolytech.ca/programs-and-courses/programs/Practical-Nursing.aspx,"Online/Distance, Prince Albert, Regina, Saskatoon",Diploma
Primary Care Paramedic,https://saskpolytech.ca/programs-and-courses/programs/Primary-Care-Paramedic.aspx,"Regina, Saskatoon",Certificate
Production Line Welding,https://saskpolytech.ca/programs-and-courses/programs/Production-Line-Welding.aspx,"Regina, Saskatoon",Applied Certificate
Project Management,https://saskpolytech.ca/programs-and-courses/programs/Project-Management-PGC.aspx,,Post-Graduate Certificate
Psychiatric Nursing,https://saskpolytech.ca/programs-and-courses/programs/Psychiatric-Nursing-Advanced-Diploma.aspx,"Regina, Saskatoon",Advanced Diploma
Radiation and Environmental Monitoring Technician,https://saskpolytech.ca/programs-and-courses/programs/Radiation-and-Environmental-Monitoring-Technician-Applied-Certificate.aspx,Prince Albert,Applied Certificate
Recreation and Tourism Management,https://saskpolytech.ca/programs-and-courses/programs/Recreation-and-Tourism-Management.aspx,Saskatoon,Diploma
Refrigeration and Air Conditioning,https://saskpolytech.ca/programs-and-courses/programs/Refrigeration-and-Air-Conditioning.aspx,Saskatoon,Certificate
Registered Nursing Bridging Program for Internationally Educated Nurses,https://saskpolytech.ca/programs-and-courses/programs/Registered-Nursing-Bridging-Program-for-Internationally-Educated-Nurses.aspx,"Online/Distance, Regina",Certificate
Registered Nursing Bridging Program for Re-entry to Practice,https://saskpolytech.ca/programs-and-courses/programs/Registered-Nursing-Bridging-Program-for-Re-entry-to-Practice-Certificate.aspx,"Online/Distance, Regina",Certificate
Resource and Environmental Law,https://saskpolytech.ca/programs-and-courses/programs/Resource-and-Environmental-Law.aspx,Prince Albert,Diploma
Respiratory Therapy,https://saskpolytech.ca/programs-and-courses/programs/Respiratory-Therapy.aspx,Regina,Advanced Diploma
Saskatchewan Collaborative Bachelor of Science in Nursing,https://saskpolytech.ca/programs-and-courses/programs/Saskatchewan-Collaborative-Bachelor-of-Science-in-Nursing.aspx,"Regina, Saskatoon",Degree
Security Officer,https://saskpolytech.ca/programs-and-courses/programs/Security-Officer.aspx,Prince Albert,Applied Certificate
Software Developer,https://saskpolytech.ca/programs-and-courses/programs/Software-Developer.aspx,Saskatoon,Post-Graduate Certificate
Sport Management,https://saskpolytech.ca/programs-and-courses/programs/Business-Diploma.aspx,See program page for details,Diploma
Supply Chain Management,https://saskpolytech.ca/programs-and-courses/programs/Supply-Chain-Management.aspx,,Post-Graduate Certificate
Technology Management,https://saskpolytech.ca/programs-and-courses/programs/Technology-Management.aspx,"Moose Jaw, Saskatoon",Post-Graduate Certificate
Therapeutic Recreation,https://saskpolytech.ca/programs-and-courses/programs/Therapeutic-Recreation.aspx,"Online/Distance, Saskatoon",Diploma
Transition to Registered Nursing in Canada,https://saskpolytech.ca/programs-and-courses/programs/Transition-to-Registered-Nursing-in-Canada.aspx,Regina,Advanced Certificate
Veterinary Technology,https://saskpolytech.ca/programs-and-courses/programs/Veterinary-Technology.aspx,"Online/Distance, Saskatoon",Diploma
Victim Services Coordination,https://saskpolytech.ca/programs-and-courses/programs/Victim-Services-Coordination.aspx,Online/Distance,Applied Certificate
Warehouse Worker,https://saskpolytech.ca/programs-and-courses/programs/Warehouse-Worker.aspx,Online/Distance,Certificate of Achievement
Water Resources Option (Civil Engineering Technologies),https://saskpolytech.ca/programs-and-courses/programs/Civil-Engineering-Technologies.aspx,See program page for details,Diploma
Welder-Fabricator,https://saskpolytech.ca/programs-and-courses/programs/Fabricator-Welder.aspx,"Regina, Saskatoon",Certificate
Welding,https://saskpolytech.ca/programs-and-courses/programs/Welding-Applied-Certificate.aspx,Regina,Applied Certificate
Welding,https://saskpolytech.ca/programs-and-courses/programs/Welding.aspx,"Moose Jaw, Prince Albert, Regina, Saskatoon",Certificate
Youth Care Worker,https://saskpolytech.ca/programs-and-courses/programs/Youth-Care-Worker-Certificate.aspx,,Certificate
Youth Care Worker,https://saskpolytech.ca/programs-and-courses/programs/Youth-Care-Worker-Diploma.aspx,,Diploma
